No.,X,Y,Z,x,y,Lv(cd/m²),u',v',Tcp,duv,λd/λc,Pe,Δt,ErrCode,Sync Mode,Meas Speed,Averaging Times,Date,Time,,,,,,,,,,,,,,,,,,,,
1,2737.4368,2875.5925,4587.2217,0.268369553,0.281913896,2875.5925,0.183618955,0.433993546,12094.27156,0.004486518,480.6027348,26.56020285,5.75,0,INT : 60.00[Hz],AUTO,1,2026/1/26,14:14:19,,,,,,,,,,,,,,,,,,,,
2,2736.6736,2874.2603,4585.8813,0.268385133,0.281878238,2874.2603,0.183644035,0.433972728,12095.49993,0.004458022,480.5906153,26.55936061,5.72,0,INT : 60.00[Hz],AUTO,1,2026/1/26,14:14:19,,,,,,,,,,,,,,,,,,,,
3,2734.5066,2870.7898,4582.7568,0.268403251,0.281780017,2870.7898,0.183694609,0.433911686,12102.61952,0.004395646,480.5622116,26.56491799,5.71,0,INT : 60.00[Hz],AUTO,1,2026/1/26,14:14:20,,,,,,,,,,,,,,,,,,,,
4,2733.0862,2868.729,4580.9775,0.26840242,0.281723205,2868.729,0.183715417,0.433874688,12108.44969,0.00436692,480.5480623,26.57172563,5.72,0,INT : 60.00[Hz],AUTO,1,2026/1/26,14:14:21,,,,,,,,,,,,,,,,,,,,
5,2731.2124,2866.0449,4578.3506,0.268407787,0.281658347,2866.0449,0.1837439,0.433833378,12114.1646,0.004330006,480.5306587,26.57749094,5.75,0,INT : 60.00[Hz],AUTO,1,2026/1/26,14:14:22,,,,,,,,,,,,,,,,,,,,
6,2729.5103,2863.7427,4575.9683,0.268408978,0.281608848,2863.7427,0.183763471,0.433801411,12118.9715,0.004303721,480.5179689,26.58281381,5.74,0,INT : 60.00[Hz],AUTO,1,2026/1/26,14:14:23,,,,,,,,,,,,,,,,,,,,
7,2728.7053,2862.3032,4574.9463,0.268416037,0.281557734,2862.3032,0.183788042,0.43376926,12123.06162,0.004272776,480.5037065,26.5864588,5.72,0,INT : 60.00[Hz],AUTO,1,2026/1/26,14:14:24,,,,,,,,,,,,,,,,,,,,
8,2726.7026,2859.8218,4572.1904,0.268410193,0.281514134,2859.8218,0.183800134,0.433740068,12128.34922,0.004254106,480.4939261,26.59333724,5.75,0,INT : 60.00[Hz],AUTO,1,2026/1/26,14:14:25,,,,,,,,,,,,,,,,,,,,
9,2725.6946,2858.4514,4570.8271,0.26840983,0.281482912,2858.4514,0.183811652,0.433719727,12131.56164,0.004238244,480.486161,26.59704884,5.72,0,INT : 60.00[Hz],AUTO,1,2026/1/26,14:14:26,,,,,,,,,,,,,,,,,,,,
10,2724.5125,2856.6333,4569.3101,0.268412821,0.281429064,2856.6333,0.183834226,0.433685178,12136.56084,0.004208528,480.4720519,26.60230093,5.74,0,INT : 60.00[Hz],AUTO,1,2026/1/26,14:14:27,,,,,,,,,,,,,,,,,,,,
11,2723.6194,2855.3403,4568.3589,0.268407794,0.281388652,2855.3403,0.183845732,0.433658165,12141.41995,0.004190962,480.4629285,26.60855252,5.73,0,INT : 60.00[Hz],AUTO,1,2026/1/26,14:14:28,,,,,,,,,,,,,,,,,,,,
12,2721.9004,2853.2366,4565.9321,0.268403693,0.281354616,2853.2366,0.183855524,0.433635429,12145.49689,0.004176079,480.4552228,26.61377553,5.75,0,INT : 60.00[Hz],AUTO,1,2026/1/26,14:14:29,,,,,,,,,,,,,,,,,,,,
13,2721.46,2852.4514,4565.4141,0.268406414,0.281325558,2852.4514,0.183868539,0.433616941,12148.03639,0.004159316,480.4473999,26.61625808,5.73,0,INT : 60.00[Hz],AUTO,1,2026/1/26,14:14:30,,,,,,,,,,,,,,,,,,,,
14,2719.7478,2850.2341,4563.1104,0.268402549,0.281279793,2850.2341,0.183882942,0.433586607,12153.27844,0.004138225,480.4367204,26.62275732,5.77,0,INT : 60.00[Hz],AUTO,1,2026/1/26,14:14:31,,,,,,,,,,,,,,,,,,,,
15,2718.8176,2849.082,4562.1636,0.268390981,0.28125017,2849.082,0.183885484,0.433565624,12158.05365,0.004130484,480.4316307,26.62984406,5.77,0,INT : 60.00[Hz],AUTO,1,2026/1/26,14:14:32,,,,,,,,,,,,,,,,,,,,
16,2717.8887,2847.7224,4561.0342,0.268389839,0.281210837,2847.7224,0.183899497,0.43353987,12162.23811,0.004110933,480.4220259,26.63473736,5.73,0,INT : 60.00[Hz],AUTO,1,2026/1/26,14:14:33,,,,,,,,,,,,,,,,,,,,
17,2716.6443,2846.1479,4559.4922,0.26838253,0.281176441,2846.1479,0.183907032,0.433516407,12166.86211,0.00409795,480.4148974,26.6410209,5.73,0,INT : 60.00[Hz],AUTO,1,2026/1/26,14:14:34,,,,,,,,,,,,,,,,,,,,
18,2715.7327,2844.7651,4558.1582,0.268388677,0.281140608,2844.7651,0.18392518,0.433494006,12169.58759,0.004075447,480.4047153,26.64319538,5.74,0,INT : 60.00[Hz],AUTO,1,2026/1/26,14:14:35,,,,,,,,,,,,,,,,,,,,
19,2714.4448,2843.1589,4556.4136,0.268384433,0.281110741,2843.1589,0.183933298,0.43347394,12173.2895,0.0040628,480.3981117,26.64798374,5.73,0,INT : 60.00[Hz],AUTO,1,2026/1/26,14:14:36,,,,,,,,,,,,,,,,,,,,
20,2713.0923,2841.5193,4554.6606,0.26837662,0.281080502,2841.5193,0.183938886,0.433453099,12177.57762,0.004052288,480.3921348,26.65394898,5.74,0,INT : 60.00[Hz],AUTO,1,2026/1/26,14:14:37,,,,,,,,,,,,,,,,,,,,
21,2711.8936,2839.9612,4552.9561,0.268376482,0.281050405,2839.9612,0.183950166,0.433433489,12180.68332,0.004036841,480.384657,26.65745922,5.73,0,INT : 60.00[Hz],AUTO,1,2026/1/26,14:14:38,,,,,,,,,,,,,,,,,,,,
22,2711.4656,2839.2249,4552.6914,0.268372078,0.28101728,2839.2249,0.183959401,0.43341127,12184.75432,0.004022613,480.3772838,26.66267353,5.74,0,INT : 60.00[Hz],AUTO,1,2026/1/26,14:14:39,,,,,,,,,,,,,,,,,,,,
23,2710.2815,2837.9023,4551.3008,0.268358397,0.280994765,2837.9023,0.183957677,0.433394579,12189.15754,0.004019917,480.3744196,26.66961309,5.74,0,INT : 60.00[Hz],AUTO,1,2026/1/26,14:14:40,,,,,,,,,,,,,,,,,,,,
24,2709.4148,2836.5654,4550.1377,0.26836204,0.280956049,2836.5654,0.183975052,0.433369911,12192.58069,0.003997549,480.3640472,26.67291499,5.74,0,INT : 60.00[Hz],AUTO,1,2026/1/26,14:14:41,,,,,,,,,,,,,,,,,,,,
25,2708.5764,2835.646,4549.2319,0.268349796,0.280939103,2835.646,0.183972298,0.433357057,12196.19819,0.003996791,480.3622862,26.67875674,5.71,0,INT : 60.00[Hz],AUTO,1,2026/1/26,14:14:42,,,,,,,,,,,,,,,,,,,,
26,2707.4597,2834.0906,4547.8745,0.268346289,0.280897143,2834.0906,0.18398555,0.433329207,12201.05777,0.003977412,480.35255,26.6847039,5.73,0,INT : 60.00[Hz],AUTO,1,2026/1/26,14:14:43,,,,,,,,,,,,,,,,,,,,
27,2706.6819,2833.1177,4546.877,0.26834229,0.280877222,2833.1177,0.183990095,0.433315637,12203.72467,0.003969734,480.3483983,26.68826866,5.75,0,INT : 60.00[Hz],AUTO,1,2026/1/26,14:14:44,,,,,,,,,,,,,,,,,,,,
28,2706.2109,2832.4729,4546.7983,0.268327371,0.280846555,2832.4729,0.183990531,0.433293442,12209.17756,0.003963636,480.3437687,26.69654037,5.73,0,INT : 60.00[Hz],AUTO,1,2026/1/26,14:14:45,,,,,,,,,,,,,,,,,,,,
29,2704.95,2830.8608,4544.8013,0.26833192,0.280822312,2830.8608,0.184003113,0.433278324,12210.98444,0.003948145,480.3368322,26.69788757,5.77,0,INT : 60.00[Hz],AUTO,1,2026/1/26,14:14:46,,,,,,,,,,,,,,,,,,,,
30,2704.1274,2829.7158,4543.792,0.268329558,0.280791648,2829.7158,0.184012953,0.433257992,12214.51758,0.003933848,480.32969,26.70216981,5.71,0,INT : 60.00[Hz],AUTO,1,2026/1/26,14:14:47,,,,,,,,,,,,,,,,,,,,
31,2703.5352,2828.9592,4543.2358,0.268321516,0.280769646,2828.9592,0.18401526,0.433242459,12218.02985,0.003927734,480.3258415,26.70725896,5.75,0,INT : 60.00[Hz],AUTO,1,2026/1/26,14:14:48,,,,,,,,,,,,,,,,,,,,
32,2702.2488,2827.4055,4541.7217,0.268309792,0.280736763,2827.4055,0.184018929,0.433219286,12223.23841,0.003918405,480.3200341,26.71477081,5.74,0,INT : 60.00[Hz],AUTO,1,2026/1/26,14:14:49,,,,,,,,,,,,,,,,,,,,
33,2702.0103,2826.9797,4541.7212,0.268303821,0.280713015,2826.9797,0.184023449,0.43320292,12226.61975,0.003910036,480.3153413,26.71940293,5.73,0,INT : 60.00[Hz],AUTO,1,2026/1/26,14:14:50,,,,,,,,,,,,,,,,,,,,
34,2701.3076,2826.1311,4541.0361,0.268293625,0.280691083,2826.1311,0.184024117,0.433187108,12230.46543,0.003905367,480.3119495,26.72516826,5.73,0,INT : 60.00[Hz],AUTO,1,2026/1/26,14:14:51,,,,,,,,,,,,,,,,,,,,
35,2529.1125,2641.5671,4241.1338,0.268716813,0.280665052,2641.5671,0.184351014,0.433233017,12168.20022,0.003615453,480.2202372,26.59372833,5.74,0,INT : 60.00[Hz],AUTO,1,2026/1/26,14:14:52,,,,,,,,,,,,,,,,,,,,
36,2415.9797,2523.0205,4047.1609,0.268855596,0.280767335,2523.0205,0.184416183,0.43332031,12136.53589,0.003577782,480.217542,26.53785873,5.76,0,INT : 60.00[Hz],AUTO,1,2026/1/26,14:14:53,,,,,,,,,,,,,,,,,,,,
37,2415.677,2522.9839,4046.9585,0.268838117,0.280780188,2522.9839,0.184398211,0.433326088,12137.88984,0.003595847,480.2242805,26.54193109,5.75,0,INT : 60.00[Hz],AUTO,1,2026/1/26,14:14:54,,,,,,,,,,,,,,,,,,,,
38,2414.9761,2522.1519,4046.0061,0.268834471,0.280765251,2522.1519,0.184401147,0.433315813,12139.96942,0.003590495,480.2213055,26.5448099,5.73,0,INT : 60.00[Hz],AUTO,1,2026/1/26,14:14:55,,,,,,,,,,,,,,,,,,,,
39,2415.0291,2522.168,4046.4463,0.268825129,0.280751126,2522.168,0.184399509,0.433305219,12142.8359,0.00358928,480.2196868,26.54940431,5.77,0,INT : 60.00[Hz],AUTO,1,2026/1/26,14:14:56,,,,,,,,,,,,,,,,,,,,
40,2414.6653,2521.6411,4046.1333,0.268820652,0.280730089,2521.6411,0.184404137,0.433290844,12145.66775,0.003581311,480.215366,26.5532496,5.72,0,INT : 60.00[Hz],AUTO,1,2026/1/26,14:14:57,,,,,,,,,,,,,,,,,,,,
41,2414.2703,2521.2642,4045.8364,0.268808663,0.280721532,2521.2642,0.184398401,0.433283485,12148.37267,0.00358471,480.2156689,26.55804414,5.72,0,INT : 60.00[Hz],AUTO,1,2026/1/26,14:14:58,,,,,,,,,,,,,,,,,,,,
42,2413.2961,2520.1448,4044.4719,0.268803691,0.280704976,2520.1448,0.184400959,0.433271955,12150.82502,0.003579384,480.2125634,26.56153036,5.73,0,INT : 60.00[Hz],AUTO,1,2026/1/26,14:14:59,,,,,,,,,,,,,,,,,,,,
43,2413.2639,2520.0493,4044.488,0.268803446,0.280697828,2520.0493,0.184403488,0.433267259,12151.5938,0.003575843,480.2108378,26.56243158,5.73,0,INT : 60.00[Hz],AUTO,1,2026/1/26,14:15:00,,,,,,,,,,,,,,,,,,,,
44,2412.8784,2519.5227,4044.3679,0.26879141,0.280671442,2519.5227,0.184404484,0.433248269,12156.13447,0.00357004,480.2067243,26.56929425,5.73,0,INT : 60.00[Hz],AUTO,1,2026/1/26,14:15:01,,,,,,,,,,,,,,,,,,,,
45,2412.1233,2518.6736,4043.563,0.268779426,0.280652172,2518.6736,0.184402818,0.433233925,12159.94187,0.003567889,480.204369,26.57532104,5.74,0,INT : 60.00[Hz],AUTO,1,2026/1/26,14:15:02,,,,,,,,,,,,,,,,,,,,
46,2411.8772,2518.356,4043.3936,0.268773959,0.280639707,2518.356,0.184403452,0.433224986,12162.0565,0.003565006,480.2023832,26.57849346,5.73,0,INT : 60.00[Hz],AUTO,1,2026/1/26,14:15:03,,,,,,,,,,,,,,,,,,,,
47,2411.7178,2518.1516,4043.5554,0.268762246,0.280623247,2518.1516,0.184400923,0.433212512,12165.53836,0.003564133,480.2006716,26.58411049,5.73,0,INT : 60.00[Hz],AUTO,1,2026/1/26,14:15:04,,,,,,,,,,,,,,,,,,,,
48,2410.6843,2516.7947,4042.1238,0.268761544,0.280591544,2516.7947,0.184412431,0.433191735,12168.90204,0.003548174,480.1929525,26.5879848,5.74,0,INT : 60.00[Hz],AUTO,1,2026/1/26,14:15:05,,,,,,,,,,,,,,,,,,,,
49,2410.7913,2516.9082,4042.6462,0.268751214,0.280580959,2516.9082,0.184408707,0.433183296,12171.57264,0.003549441,480.1924201,26.5924856,5.74,0,INT : 60.00[Hz],AUTO,1,2026/1/26,14:15:06,,,,,,,,,,,,,,,,,,,,
50,2409.8242,2515.8367,4041.137,0.268749695,0.280572477,2515.8367,0.184410788,0.433177539,12172.67774,0.003546041,480.1906256,26.59394524,5.74,0,INT : 60.00[Hz],AUTO,1,2026/1/26,14:15:07,,,,,,,,,,,,,,,,,,,,
51,2409.3984,2515.3213,4040.5842,0.268746986,0.280561744,2515.3213,0.184412833,0.433170136,12174.19712,0.003542253,480.1885144,26.5960421,5.74,0,INT : 60.00[Hz],AUTO,1,2026/1/26,14:15:08,,,,,,,,,,,,,,,,,,,,
52,2409.325,2515.0498,4040.6704,0.268746554,0.280539556,2515.0498,0.184420932,0.433155599,12176.54719,0.003531044,480.1831049,26.59873508,5.74,0,INT : 60.00[Hz],AUTO,1,2026/1/26,14:15:09,,,,,,,,,,,,,,,,,,,,
53,2408.4819,2514.0972,4039.9849,0.268726884,0.280510934,2514.0972,0.184417057,0.433134006,12182.51391,0.003529073,480.179999,26.60828026,5.73,0,INT : 60.00[Hz],AUTO,1,2026/1/26,14:15:10,,,,,,,,,,,,,,,,,,,,
54,2408.2427,2513.8184,4039.6968,0.268724365,0.280505056,2513.8184,0.1844174,0.433129796,12183.50682,0.003527674,480.1790537,26.60975773,5.72,0,INT : 60.00[Hz],AUTO,1,2026/1/26,14:15:11,,,,,,,,,,,,,,,,,,,,
55,2408.1663,2513.6379,4039.9019,0.268717393,0.280486536,2513.6379,0.184419206,0.433116678,12186.48801,0.003522639,480.1758809,26.6141057,5.74,0,INT : 60.00[Hz],AUTO,1,2026/1/26,14:15:12,,,,,,,,,,,,,,,,,,,,
56,2407.7095,2513.0532,4039.3582,0.268713952,0.280470903,2513.0532,0.184422563,0.433105967,12188.6304,0.00351679,480.172709,26.61699935,5.76,0,INT : 60.00[Hz],AUTO,1,2026/1/26,14:15:13,,,,,,,,,,,,,,,,,,,,
57,2406.8086,2512.1003,4038.0317,0.268708782,0.280464102,2512.1003,0.18442127,0.433100761,12190.12726,0.003516647,480.1720727,26.61942519,5.75,0,INT : 60.00[Hz],AUTO,1,2026/1/26,14:15:14,,,,,,,,,,,,,,,,,,,,
58,2406.4873,2511.6765,4037.8784,0.268699862,0.280444916,2511.6765,0.184421868,0.433086916,12193.48111,0.00351254,480.1691324,26.6244689,5.76,0,INT : 60.00[Hz],AUTO,1,2026/1/26,14:15:15,,,,,,,,,,,,,,,,,,,,
59,2405.9768,2510.8726,4037.0906,0.268705933,0.280420977,2510.8726,0.18443551,0.433072196,12195.02309,0.00349617,480.1619843,26.62529754,5.75,0,INT : 60.00[Hz],AUTO,1,2026/1/26,14:15:16,,,,,,,,,,,,,,,,,,,,
60,2405.4958,2510.3718,4036.864,0.268688475,0.280402888,2510.3718,0.184429292,0.433057797,12199.58094,0.003498213,480.1610464,26.63292697,5.75,0,INT : 60.00[Hz],AUTO,1,2026/1/26,14:15:17,,,,,,,,,,,,,,,,,,,,
61,2405.0151,2509.7932,4036.373,0.268681308,0.280386813,2509.7932,0.184430024,0.43304624,12202.34918,0.003494571,480.1585243,26.6370553,5.72,0,INT : 60.00[Hz],AUTO,1,2026/1/26,14:15:18,,,,,,,,,,,,,,,,,,,,
62,2404.5706,2509.1733,4035.7417,0.268682549,0.280370673,2509.1733,0.184437084,0.433035889,12203.83088,0.003485399,480.1542858,26.63852024,5.75,0,INT : 60.00[Hz],AUTO,1,2026/1/26,14:15:19,,,,,,,,,,,,,,,,,,,,
63,2404.3545,2508.8804,4035.7017,0.268674884,0.280355143,2508.8804,0.184437236,0.433024612,12206.62194,0.003482365,480.1520011,26.642744,5.78,0,INT : 60.00[Hz],AUTO,1,2026/1/26,14:15:20,,,,,,,,,,,,,,,,,,,,
64,2403.5737,2507.989,4034.6816,0.268668462,0.280339874,2507.989,0.184438221,0.43301369,12209.19579,0.003478654,480.1495301,26.64654261,5.73,0,INT : 60.00[Hz],AUTO,1,2026/1/26,14:15:21,,,,,,,,,,,,,,,,,,,,
65,2403.1257,2507.4202,4034.1948,0.26866354,0.280323408,2507.4202,0.184440785,0.433002209,12211.66421,0.003473342,480.1464613,26.6500029,5.76,0,INT : 60.00[Hz],AUTO,1,2026/1/26,14:15:22,,,,,,,,,,,,,,,,,,,,
66,2402.7278,2507.0508,4033.6909,0.268657236,0.280321949,2507.0508,0.184436613,0.433000319,12212.78779,0.003476708,480.1473764,26.65217349,5.76,0,INT : 60.00[Hz],AUTO,1,2026/1/26,14:15:23,,,,,,,,,,,,,,,,,,,,
67,2402.3057,2506.4126,4033.2686,0.268654576,0.280297056,2506.4126,0.184444074,0.432983671,12215.78514,0.003465551,480.1417717,26.65588585,5.75,0,INT : 60.00[Hz],AUTO,1,2026/1/26,14:15:24,,,,,,,,,,,,,,,,,,,,
68,2402.0642,2506.0718,4033.3076,0.268643891,0.280275972,2506.0718,0.184444071,0.432968316,12219.62714,0.003461615,480.1387325,26.66170866,5.74,0,INT : 60.00[Hz],AUTO,1,2026/1/26,14:15:25,,,,,,,,,,,,,,,,,,,,
69,2401.979,2505.8506,4033.304,0.268643676,0.28026095,2505.8506,0.184449617,0.432958474,12221.22387,0.003453972,480.1350714,26.66350715,5.74,0,INT : 60.00[Hz],AUTO,1,2026/1/26,14:15:26,,,,,,,,,,,,,,,,,,,,
70,2401.1506,2504.9546,4032.0977,0.26863908,0.2802526,2504.9546,0.184449343,0.432952338,12222.8033,0.003452652,480.1339423,26.66592925,5.76,0,INT : 60.00[Hz],AUTO,1,2026/1/26,14:15:27,,,,,,,,,,,,,,,,,,,,
71,2400.9092,2504.6289,4032.1672,0.268627027,0.280231762,2504.6289,0.184448221,0.432936937,12226.83678,0.003449739,480.1312436,26.67215837,5.75,0,INT : 60.00[Hz],AUTO,1,2026/1/26,14:15:28,,,,,,,,,,,,,,,,,,,,
72,2400.3127,2503.9512,4031.4041,0.268621518,0.280219811,2503.9512,0.18444863,0.432928313,12228.9344,0.003447151,480.1294129,26.6752849,5.74,0,INT : 60.00[Hz],AUTO,1,2026/1/26,14:15:29,,,,,,,,,,,,,,,,,,,,
73,2400.0488,2503.4634,4031.0417,0.268625477,0.280200156,2503.4634,0.184459067,0.432916064,12230.37272,0.003434376,480.1237697,26.67629109,5.77,0,INT : 60.00[Hz],AUTO,1,2026/1/26,14:15:30,,,,,,,,,,,,,,,,,,,,
74,2399.6106,2503.0083,4030.8506,0.268609033,0.280183226,2503.0083,0.184453168,0.43290256,12234.684,0.003436361,480.1229255,26.68346514,5.76,0,INT : 60.00[Hz],AUTO,1,2026/1/26,14:15:31,,,,,,,,,,,,,,,,,,,,
75,2399.1445,2502.3821,4029.9097,0.268617994,0.280176896,2502.3821,0.184462294,0.432899757,12233.95848,0.003427218,480.1195545,26.6813474,5.75,0,INT : 60.00[Hz],AUTO,1,2026/1/26,14:15:32,,,,,,,,,,,,,,,,,,,,
76,2398.5725,2501.7209,4029.4277,0.268605533,0.280156667,2501.7209,0.184460636,0.432884689,12238.0008,0.003424887,480.117094,26.68763578,5.75,0,INT : 60.00[Hz],AUTO,1,2026/1/26,14:15:33,,,,,,,,,,,,,,,,,,,,
77,2398.2344,2501.3152,4028.998,0.26860297,0.28014805,2501.3152,0.184461987,0.432878678,12239.29874,0.003422099,480.1154915,26.68944275,5.75,0,INT : 60.00[Hz],AUTO,1,2026/1/26,14:15:34,,,,,,,,,,,,,,,,,,,,
78,2398.4238,2501.3281,4029.6997,0.268596988,0.280121133,2501.3281,0.18446773,0.432860202,12243.04154,0.003412064,480.1100777,26.69444347,5.73,0,INT : 60.00[Hz],AUTO,1,2026/1/26,14:15:35,,,,,,,,,,,,,,,,,,,,
79,2397.5554,2500.4309,4028.3821,0.268592477,0.280117377,2500.4309,0.184465774,0.432857077,12244.13372,0.003413069,480.1100657,26.69630901,5.73,0,INT : 60.00[Hz],AUTO,1,2026/1/26,14:15:36,,,,,,,,,,,,,,,,,,,,
80,2397.2144,2500.0613,4028.2219,0.268580477,0.280103296,2500.0613,0.184462124,0.432846093,12247.46863,0.003413626,480.1090287,26.70174307,5.76,0,INT : 60.00[Hz],AUTO,1,2026/1/26,14:15:37,,,,,,,,,,,,,,,,,,,,
81,2396.7114,2499.4934,4027.5059,0.268577891,0.280095745,2499.4934,0.184463054,0.432840774,12248.66085,0.003411405,480.1076945,26.70343422,5.76,0,INT : 60.00[Hz],AUTO,1,2026/1/26,14:15:38,,,,,,,,,,,,,,,,,,,,
82,2396.6663,2499.1956,4027.7224,0.268576641,0.280066341,2499.1956,0.184473293,0.432821371,12251.93798,0.003396982,480.1007177,26.70721809,5.74,0,INT : 60.00[Hz],AUTO,1,2026/1/26,14:15:39,,,,,,,,,,,,,,,,,,,,
83,2396.0535,2498.458,4027.0999,0.268567346,0.280045598,2498.458,0.184474205,0.432806433,12255.5575,0.003392315,480.0974992,26.71256002,5.75,0,INT : 60.00[Hz],AUTO,1,2026/1/26,14:15:40,,,,,,,,,,,,,,,,,,,,
84,2395.5483,2497.804,4026.3665,0.268567693,0.280031698,2497.804,0.184479749,0.432797398,12256.96345,0.003384883,480.094014,26.71405098,5.76,0,INT : 60.00[Hz],AUTO,1,2026/1/26,14:15:41,,,,,,,,,,,,,,,,,,,,
85,2394.8826,2497.1497,4025.3975,0.26856198,0.280030206,2497.1497,0.184476029,0.432795574,12258.00748,0.00338785,480.0948025,26.71603789,5.76,0,INT : 60.00[Hz],AUTO,1,2026/1/26,14:15:42,,,,,,,,,,,,,,,,,,,,
86,2394.9277,2497.0664,4025.7957,0.268556195,0.28000956,2497.0664,0.184479538,0.432781218,12261.07583,0.003380935,480.090901,26.72025336,5.74,0,INT : 60.00[Hz],AUTO,1,2026/1/26,14:15:43,,,,,,,,,,,,,,,,,,,,
87,2394.3088,2496.3225,4024.9446,0.268553465,0.279995653,2496.3225,0.184482777,0.432771721,12262.96267,0.003375514,480.0880381,26.72272256,5.75,0,INT : 60.00[Hz],AUTO,1,2026/1/26,14:15:44,,,,,,,,,,,,,,,,,,,,
88,2394.4045,2496.3464,4025.4341,0.268545852,0.279979206,2496.3464,0.184483318,0.432759836,12265.87686,0.003371973,480.0855394,26.72703534,5.74,0,INT : 60.00[Hz],AUTO,1,2026/1/26,14:15:45,,,,,,,,,,,,,,,,,,,,
,,,,,,,,,,,,,,,,,,,,,,,,,,,,,,,,,,,,,,,
,,,,,,,,,,,,,,,,,,,,,,,,,,,,,,,,,,,,,,,
,,,,,,,,,,,,,,,,,,,,,,,,,,,,,,,,,,,,,,,
,,,,,,,,,,,,,,,,,,,,,,,,,,,,,,,,,,,,,,,
,,,,,,,,,,,,,,,,,,,,,,,,,,,,,,,,,,,,,,,
,,,,,,,,,,,,,,,,,,,,,,,,,,,,,,,,,,,,,,,
,,,,,,,,,,,,,,,,,,,,,,,,,,,,,,,,,,,,,,,
,,,,,,,,,,,,,,,,,,,,,,,,,,,,,,,,,,,,,,,
,,,,,,,,,,,,,,,,,,,,,,,,,,,,,,,,,,,,,,,
,,,,,,,,,,,,,,,,,,,,,,,,,,,,,,,,,,,,,,,
,,,,,,,,,,,,,,,,,,,,,,,,,,,,,,,,,,,,,,,
,,,,,,,,,,,,,,,,,,,,,,,,,,,,,,,,,,,,,,,
,,,,,,,,,,,,,,,,,,,,,,,,,,,,,,,,,,,,,,,
,,,,,,,,,,,,,,,,,,,,,,,,,,,,,,,,,,,,,,,
,,,,,,,,,,,,,,,,,,,,,,,,,,,,,,,,,,,,,,,
,,,,,,,,,,,,,,,,,,,,,,,,,,,,,,,,,,,,,,,
,,,,,,,,,,,,,,,,,,,,,,,,,,,,,,,,,,,,,,,
,,,,,,,,,,,,,,,,,,,,,,,,,,,,,,,,,,,,,,,
,,,,,,,,,,,,,,,,,,,,,,,,,,,,,,,,,,,,,,,
,,,,,,,,,,,,,,,,,,,,,,,,,,,,,,,,,,,,,,,
,,,,,,,,,,,,,,,,,,,,,,,,,,,,,,,,,,,,,,,
,,,,,,,,,,,,,,,,,,,,,,,,,,,,,,,,,,,,,,,
,,,,,,,,,,,,,,,,,,,,,,,,,,,,,,,,,,,,,,,
,,,,,,,,,,,,,,,,,,,,,,,,,,,,,,,,,,,,,,,
,,,,,,,,,,,,,,,,,,,,,,,,,,,,,,,,,,,,,,,
,,,,,,,,,,,,,,,,,,,,,,,,,,,,,,,,,,,,,,,
,,,,,,,,,,,,,,,,,,,,,,,,,,,,,,,,,,,,,,,
,,,,,,,,,,,,,,,,,,,,,,,,,,,,,,,,,,,,,,,
,,,,,,,,,,,,,,,,,,,,,,,,,,,,,,,,,,,,,,,
,,,,,,,,,,,,,,,,,,,,,,,,,,,,,,,,,,,,,,,
,,,,,,,,,,,,,,,,,,,,,,,,,,,,,,,,,,,,,,,
,,,,,,,,,,,,,,,,,,,,,,,,,,,,,,,,,,,,,,,
,,,,,,,,,,,,,,,,,,,,,,,,,,,,,,,,,,,,,,,
,,,,,,,,,,,,,,,,,,,,,,,,,,,,,,,,,,,,,,,
,,,,,,,,,,,,,,,,,,,,,,,,,,,,,,,,,,,,,,,
,,,,,,,,,,,,,,,,,,,,,,,,,,,,,,,,,,,,,,,
,,,,,,,,,,,,,,,,,,,,,,,,,,,,,,,,,,,,,,,
,,,,,,,,,,,,,,,,,,,,,,,,,,,,,,,,,,,,,,,
,,,,,,,,,,,,,,,,,,,,,,,,,,,,,,,,,,,,,,,
,,,,,,,,,,,,,,,,,,,,,,,,,,,,,,,,,,,,,,,
,,,,,,,,,,,,,,,,,,,,,,,,,,,,,,,,,,,,,,,
,,,,,,,,,,,,,,,,,,,,,,,,,,,,,,,,,,,,,,,
,,,,,,,,,,,,,,,,,,,,,,,,,,,,,,,,,,,,,,,
,,,,,,,,,,,,,,,,,,,,,,,,,,,,,,,,,,,,,,,
,,,,,,,,,,,,,,,,,,,,,,,,,,,,,,,,,,,,,,,
,,,,,,,,,,,,,,,,,,,,,,,,,,,,,,,,,,,,,,,
,,,,,,,,,,,,,,,,,,,,,,,,,,,,,,,,,,,,,,,
,,,,,,,,,,,,,,,,,,,,,,,,,,,,,,,,,,,,,,,
,,,,,,,,,,,,,,,,,,,,,,,,,,,,,,,,,,,,,,,
,,,,,,,,,,,,,,,,,,,,,,,,,,,,,,,,,,,,,,,
,,,,,,,,,,,,,,,,,,,,,,,,,,,,,,,,,,,,,,,
,,,,,,,,,,,,,,,,,,,,,,,,,,,,,,,,,,,,,,,
,,,,,,,,,,,,,,,,,,,,,,,,,,,,,,,,,,,,,,,
,,,,,,,,,,,,,,,,,,,,,,,,,,,,,,,,,,,,,,,
,,,,,,,,,,,,,,,,,,,,,,,,,,,,,,,,,,,,,,,
,,,,,,,,,,,,,,,,,,,,,,,,,,,,,,,,,,,,,,,
,,,,,,,,,,,,,,,,,,,,,,,,,,,,,,,,,,,,,,,
,,,,,,,,,,,,,,,,,,,,,,,,,,,,,,,,,,,,,,,
,,,,,,,,,,,,,,,,,,,,,,,,,,,,,,,,,,,,,,,
,,,,,,,,,,,,,,,,,,,,,,,,,,,,,,,,,,,,,,,
,,,,,,,,,,,,,,,,,,,,,,,,,,,,,,,,,,,,,,,
,,,,,,,,,,,,,,,,,,,,,,,,,,,,,,,,,,,,,,,
,,,,,,,,,,,,,,,,,,,,,,,,,,,,,,,,,,,,,,,
,,,,,,,,,,,,,,,,,,,,,,,,,,,,,,,,,,,,,,,
,,,,,,,,,,,,,,,,,,,,,,,,,,,,,,,,,,,,,,,
,,,,,,,,,,,,,,,,,,,,,,,,,,,,,,,,,,,,,,,
,,,,,,,,,,,,,,,,,,,,,,,,,,,,,,,,,,,,,,,
,,,,,,,,,,,,,,,,,,,,,,,,,,,,,,,,,,,,,,,
,,,,,,,,,,,,,,,,,,,,,,,,,,,,,,,,,,,,,,,
,,,,,,,,,,,,,,,,,,,,,,,,,,,,,,,,,,,,,,,
,,,,,,,,,,,,,,,,,,,,,,,,,,,,,,,,,,,,,,,
,,,,,,,,,,,,,,,,,,,,,,,,,,,,,,,,,,,,,,,
,,,,,,,,,,,,,,,,,,,,,,,,,,,,,,,,,,,,,,,
,,,,,,,,,,,,,,,,,,,,,,,,,,,,,,,,,,,,,,,
,,,,,,,,,,,,,,,,,,,,,,,,,,,,,,,,,,,,,,,
,,,,,,,,,,,,,,,,,,,,,,,,,,,,,,,,,,,,,,,
,,,,,,,,,,,,,,,,,,,,,,,,,,,,,,,,,,,,,,,
,,,,,,,,,,,,,,,,,,,,,,,,,,,,,,,,,,,,,,,
,,,,,,,,,,,,,,,,,,,,,,,,,,,,,,,,,,,,,,,
,,,,,,,,,,,,,,,,,,,,,,,,,,,,,,,,,,,,,,,
,,,,,,,,,,,,,,,,,,,,,,,,,,,,,,,,,,,,,,,
,,,,,,,,,,,,,,,,,,,,,,,,,,,,,,,,,,,,,,,
,,,,,,,,,,,,,,,,,,,,,,,,,,,,,,,,,,,,,,,
,,,,,,,,,,,,,,,,,,,,,,,,,,,,,,,,,,,,,,,
,,,,,,,,,,,,,,,,,,,,,,,,,,,,,,,,,,,,,,,
,,,,,,,,,,,,,,,,,,,,,,,,,,,,,,,,,,,,,,,
,,,,,,,,,,,,,,,,,,,,,,,,,,,,,,,,,,,,,,,
,,,,,,,,,,,,,,,,,,,,,,,,,,,,,,,,,,,,,,,
,,,,,,,,,,,,,,,,,,,,,,,,,,,,,,,,,,,,,,,
,,,,,,,,,,,,,,,,,,,,,,,,,,,,,,,,,,,,,,,
,,,,,,,,,,,,,,,,,,,,,,,,,,,,,,,,,,,,,,,
,,,,,,,,,,,,,,,,,,,,,,,,,,,,,,,,,,,,,,,
,,,,,,,,,,,,,,,,,,,,,,,,,,,,,,,,,,,,,,,
,,,,,,,,,,,,,,,,,,,,,,,,,,,,,,,,,,,,,,,
,,,,,,,,,,,,,,,,,,,,,,,,,,,,,,,,,,,,,,,
,,,,,,,,,,,,,,,,,,,,,,,,,,,,,,,,,,,,,,,
,,,,,,,,,,,,,,,,,,,,,,,,,,,,,,,,,,,,,,,
,,,,,,,,,,,,,,,,,,,,,,,,,,,,,,,,,,,,,,,
,,,,,,,,,,,,,,,,,,,,,,,,,,,,,,,,,,,,,,,
,,,,,,,,,,,,,,,,,,,,,,,,,,,,,,,,,,,,,,,
,,,,,,,,,,,,,,,,,,,,,,,,,,,,,,,,,,,,,,,
,,,,,,,,,,,,,,,,,,,,,,,,,,,,,,,,,,,,,,,
,,,,,,,,,,,,,,,,,,,,,,,,,,,,,,,,,,,,,,,
,,,,,,,,,,,,,,,,,,,,,,,,,,,,,,,,,,,,,,,
,,,,,,,,,,,,,,,,,,,,,,,,,,,,,,,,,,,,,,,
,,,,,,,,,,,,,,,,,,,,,,,,,,,,,,,,,,,,,,,
,,,,,,,,,,,,,,,,,,,,,,,,,,,,,,,,,,,,,,,
,,,,,,,,,,,,,,,,,,,,,,,,,,,,,,,,,,,,,,,
,,,,,,,,,,,,,,,,,,,,,,,,,,,,,,,,,,,,,,,
,,,,,,,,,,,,,,,,,,,,,,,,,,,,,,,,,,,,,,,
,,,,,,,,,,,,,,,,,,,,,,,,,,,,,,,,,,,,,,,